Date,Home,Away,Result,Home_Elo,Away_Elo,Elo_Diff
2025-08-15,Liverpool,Bournemouth,2,1500.0,1500.0,0.0
2025-08-16,Aston Villa,Newcastle United,1,1500.0,1500.0,0.0
2025-08-16,Brighton,Fulham,1,1500.0,1500.0,0.0
2025-08-16,Sunderland,West Ham,2,1500.0,1500.0,0.0
2025-08-16,Tottenham,Burnley,2,1500.0,1500.0,0.0
2025-08-16,Wolverhampton Wanderers,Manchester City,0,1500.0,1500.0,0.0
2025-08-17,Chelsea,Crystal Palace,1,1500.0,1500.0,0.0
2025-08-17,Nottingham Forest,Brentford,2,1500.0,1500.0,0.0
2025-08-17,Manchester United,Arsenal,0,1500.0,1500.0,0.0
2025-08-18,Leeds,Everton,2,1500.0,1500.0,0.0
2025-08-22,West Ham,Chelsea,0,1491.8493246116866,1498.1506753883134,-6.301350776626805
2025-08-23,Arsenal,Leeds,2,1511.8493246116866,1508.1506753883134,3.698649223373195
2025-08-23,Bournemouth,Wolverhampton Wanderers,2,1491.8493246116866,1488.1506753883134,3.698649223373195
2025-08-23,Manchester City,Tottenham,0,1511.8493246116866,1508.1506753883134,3.698649223373195
2025-08-23,Brentford,Aston Villa,2,1491.8493246116866,1498.1506753883134,-6.301350776626805
2025-08-23,Burnley,Sunderland,2,1491.8493246116866,1508.1506753883134,-16.301350776626805
2025-08-24,Crystal Palace,Nottingham Forest,1,1501.8493246116866,1508.1506753883134,-6.301350776626805
2025-08-24,Everton,Brighton,2,1491.8493246116866,1498.1506753883134,-6.301350776626805
2025-08-24,Fulham,Manchester United,1,1501.8493246116866,1488.1506753883134,13.698649223373195
2025-08-25,Newcastle United,Liverpool,0,1501.8493246116866,1508.1506753883134,-6.301350776626805
2025-08-30,Manchester United,Burnley,2,1490.3778436588818,1500.4567724852175,-10.078928826335641
2025-08-30,Leeds,Newcastle United,1,1500.1026090124922,1490.1757348439319,9.926874168560289
2025-08-30,Sunderland,Brentford,2,1499.5432275147825,1500.1757348439319,-0.6325073291493482
2025-08-30,Tottenham,Bournemouth,0,1520.1026090124922,1499.8973909875078,20.205218024984333
2025-08-30,Chelsea,Fulham,2,1509.8242651560681,1499.6221563411182,10.202108814949952
2025-08-30,Wolverhampton Wanderers,Everton,0,1480.1026090124922,1500.1757348439319,-20.07312583143971
2025-08-31,Nottingham Forest,West Ham,0,1509.8242651560681,1480.1757348439319,29.648530312136245
2025-08-31,Brighton,Manchester City,2,1489.8242651560681,1499.8973909875078,-10.073125831439711
2025-08-31,Liverpool,Arsenal,2,1519.8242651560681,1519.8973909875078,-0.07312583143971096
2025-08-31,Aston Villa,Crystal Palace,0,1489.8242651560681,1500.1757348439319,-10.351469687863755
2025-09-13,Crystal Palace,Sunderland,1,1511.7358015475231,1507.7114912173554,4.0243103301677365
2025-09-13,Arsenal,Nottingham Forest,2,1511.7446827713018,1497.1655096284535,14.579173142848276
2025-09-13,Newcastle United,Wolverhampton Wanderers,2,1492.299481608557,1468.816669077549,23.482812531007994
2025-09-13,Bournemouth,Brighton,2,1512.3017841380918,1498.2563830323825,14.045401105709288
2025-09-13,Everton,Aston Villa,1,1511.461674778875,1478.2641984524769,33.197476326398146
2025-09-13,Fulham,Leeds,2,1491.753466420599,1497.978862247867,-6.22539582726813
2025-09-13,West Ham,Tottenham,0,1492.8344903715465,1507.6982158619082,-14.86372549036173
2025-09-13,Brentford,Chelsea,1,1492.007471141359,1517.6929550765874,-25.685483935228376
2025-09-14,Burnley,Liverpool,0,1492.0244916907227,1527.9769733722742,-35.95248168155149
2025-09-14,Manchester City,Manchester United,2,1491.4652731111935,1498.8101244533766,-7.344851342183119
2025-09-20,Burnley,Nottingham Forest,1,1481.190379449386,1489.4167506664628,-8.226371217076803
2025-09-20,Manchester United,Chelsea,2,1490.4545065002712,1518.8197127792394,-28.365206278968117
2025-09-20,Brighton,Tottenham,1,1490.4930344616007,1519.1313201658822,-28.638285704281543
2025-09-20,Fulham,Brentford,2,1500.0777518036357,1490.880713438707,9.19703836492863
2025-09-20,West Ham,Crystal Palace,0,1481.4013860675725,1509.774853421335,-28.373467353762408
2025-09-20,Liverpool,Everton,2,1538.8110856136109,1508.7082535062748,30.1028321073361
2025-09-20,Wolverhampton Wanderers,Leeds,0,1461.309741497874,1489.6545768648302,-28.344835366956204
2025-09-21,Bournemouth,Newcastle United,1,1520.0651327088735,1499.806409188232,20.258723520641524
2025-09-21,Sunderland,Aston Villa,1,1509.6724393435436,1481.017619725077,28.65481961846649
2025-09-21,Arsenal,Manchester City,1,1519.4934417332925,1499.8208910642988,19.67255066899361
2025-09-27,Tottenham,Wolverhampton Wanderers,1,1520.1740899950698,1450.2586180678886,69.91547192718122
2025-09-27,Manchester City,Burnley,2,1502.210833824969,1479.5706937729078,22.64014005206127
2025-09-27,Leeds,Bournemouth,1,1500.7057002948156,1517.6592886297974,-16.95358833498176
2025-09-27,Nottingham Forest,Sunderland,0,1491.036436342941,1507.040283443706,-16.003847100764915
2025-09-27,Chelsea,Brighton,0,1509.8702563617126,1489.450264632413,20.419991729299454
2025-09-27,Brentford,Manchester United,2,1482.984392367184,1499.403962917798,-16.419570550614026
2025-09-27,Crystal Palace,Liverpool,2,1520.8251618545355,1546.1401827890463,-25.315020934510812
2025-09-28,Aston Villa,Fulham,2,1483.6497756249148,1507.9740728751588,-24.324297250243944
2025-09-28,Newcastle United,Arsenal,0,1502.2122532673081,1517.1034989726222,-14.891245705314077
2025-09-29,Everton,West Ham,1,1501.3791563308394,1470.351077634372,31.028078696467446
2025-10-03,Bournemouth,Fulham,2,1519.0334271026277,1499.1394940159437,19.893933086684
2025-10-04,Leeds,Tottenham,0,1499.3315618219854,1516.4749976372207,-17.143435815235307
2025-10-04,Arsenal,West Ham,2,1528.5358274402931,1473.0466937971712,55.48913364312193
2025-10-04,Manchester United,Sunderland,2,1490.7931782316864,1518.441231360311,-27.648053128624497
2025-10-04,Chelsea,Liverpool,2,1497.460039763035,1537.2774666324835,-39.81742686944858
2025-10-05,Brentford,Manchester City,0,1491.5951770532956,1509.7405216965979,-18.145344643302224
2025-10-05,Newcastle United,Nottingham Forest,2,1490.7799247996372,1479.635488426336,11.144436373301232
2025-10-05,Wolverhampton Wanderers,Brighton,1,1453.9577104257378,1501.8604812310907,-47.90277080535293
2025-10-05,Aston Villa,Burnley,2,1492.4843544841299,1472.041005901279,20.44334858285083
2025-10-05,Everton,Crystal Palace,2,1498.68354016804,1529.6878780110983,-31.004337843058238
2025-10-18,Nottingham Forest,Chelsea,0,1471.7926738233616,1506.7364936590227,-34.94381983566109
2025-10-18,Brighton,Newcastle United,2,1502.3521822071398,1498.6227394026116,3.729442804528162
2025-10-18,Burnley,Leeds,2,1464.4518557011804,1487.9627848218665,-23.510929120686114
2025-10-18,Crystal Palace,Bournemouth,1,1520.6632410630536,1526.6374773111268,-5.974236248073112
2025-10-18,Manchester City,Everton,2,1521.0809906278512,1507.7081771160847,13.37281351176648
2025-10-18,Sunderland,Wolverhampton Wanderers,2,1509.5121840087731,1453.4660094496887,56.04617455908442
2025-10-18,Fulham,Arsenal,0,1491.5354438074446,1535.200520800021,-43.66507699257636
2025-10-19,Tottenham,Aston Villa,0,1527.8437746373395,1500.0735046842285,27.770269953110983
2025-10-19,Liverpool,Manchester United,0,1528.0010127364958,1499.7222255832241,28.27878715327165
2025-10-20,West Ham,Brentford,0,1466.3820004374434,1480.2547081220423,-13.872707684598936
2025-10-24,Leeds,West Ham,2,1479.1512922739116,1454.9209696576029,24.23032261630874
2025-10-25,Chelsea,Sunderland,0,1517.5994284759006,1516.1626356161555,1.4367928597450828
2025-10-25,Newcastle United,Fulham,2,1490.5755255537226,1480.9221460422827,9.65337951143988
2025-10-25,Manchester United,Brighton,2,1512.3443053819178,1510.3993960560288,1.944909325889057
2025-10-25,Brentford,Liverpool,2,1491.7157389018828,1515.3789329378021,-23.663194035919332
2025-10-26,Bournemouth,Nottingham Forest,2,1528.3202170392253,1460.9297390064837,67.39047803274161
2025-10-26,Arsenal,Crystal Palace,2,1545.8138185651828,1518.980501334955,26.83331723022775
2025-10-26,Aston Villa,Manchester City,2,1512.6819492482346,1528.86273733232,-16.180788084085407
2025-10-26,Wolverhampton Wanderers,Burnley,0,1446.8155578423064,1473.2633482491353,-26.44779040682897
2025-10-26,Everton,Tottenham,0,1499.926430411616,1515.2353300733334,-15.308899661717533
2025-11-01,Liverpool,Aston Villa,2,1506.563119534033,1521.2859945048021,-14.722874970769226
2025-11-01,Tottenham,Chelsea,0,1526.655882091399,1505.710194705488,20.945687385911015
2025-11-01,Nottingham Forest,Manchester United,1,1454.565932562828,1520.4409727373363,-65.87504017450829
2025-11-01,Fulham,Wolverhampton Wanderers,2,1473.0383747848387,1435.710467847098,37.327906937740636
2025-11-01,Crystal Palace,Brentford,2,1511.5637954765452,1500.531552305652,11.032243170893253
2025-11-01,Burnley,Arsenal,0,1484.3684382443437,1553.2305244235927,-68.86208617924899
2025-11-01,Brighton,Leeds,2,1502.3027287006103,1486.6380528820662,15.664675818544083
2025-11-02,West Ham,Newcastle United,2,1447.4342090494483,1498.4592968111667,-51.025087761718396
2025-11-02,Manchester City,Bournemouth,2,1520.2586920757524,1534.684023482881,-14.425331407128624
2025-11-03,Sunderland,Everton,1,1528.0518693865681,1488.5058783935503,39.54599099301777
2025-11-08,Tottenham,Manchester United,1,1514.2314189281262,1520.4157871098187,-6.1843681816924345
2025-11-08,Everton,Fulham,2,1491.4273076505874,1480.175446714334,11.251860936253479
2025-11-08,West Ham,Burnley,2,1457.03219552347,1474.479593441888,-17.44739791841812
2025-11-08,Sunderland,Arsenal,1,1525.130440129531,1563.1193692260483,-37.98892909651727
2025-11-08,Chelsea,Wolverhampton Wanderers,2,1518.1346578687608,1428.5733959176027,89.56126195115803
2025-11-09,Manchester City,Liverpool,2,1528.8132311636396,1515.1260447177635,13.687186445876023
2025-11-09,Nottingham Forest,Leeds,2,1454.5911181903457,1478.9189328189796,-24.32781462863386
2025-11-09,Aston Villa,Bournemouth,2,1512.7230693210715,1526.1294843949938,-13.40641507392229
2025-11-09,Brentford,Newcastle United,2,1492.6856585765886,1488.8613103371451,3.8243482394434523
2025-11-09,Crystal Palace,Brighton,1,1519.4096892056086,1510.0218487636969,9.387840441911749
2025-11-22,Wolverhampton Wanderers,Crystal Palace,0,1422.7500690202417,1517.300762193114,-94.55069317287234
2025-11-22,Burnley,Chelsea,0,1465.8397845953625,1523.9579847661219,-58.11820017075934
2025-11-22,Bournemouth,West Ham,1,1517.6036470864515,1465.6720043699954,51.931642716456054
2025-11-22,Brighton,Brentford,2,1512.1307757761915,1500.7302451337334,11.40053064245808
2025-11-22,Fulham,Sunderland,2,1472.3355799608514,1524.3545615595988,-52.01898159874736
2025-11-22,Liverpool,Nottingham Forest,0,1507.3528994259823,1463.4257969129417,43.92710251304061
2025-11-22,Newcastle United,Manchester City,2,1480.8167237800003,1536.5863764554208,-55.7696526754205
2025-11-23,Arsenal,Tottenham,2,1563.8952477959806,1512.5545566223905,51.34069117359013
2025-11-23,Leeds,Aston Villa,0,1470.0842540963836,1521.2489066296139,-51.16465253323031
2025-11-24,Manchester United,Everton,0,1522.0926494155544,1499.26717440407,22.825475011484514
2025-11-29,Brentford,Burnley,2,1492.8944573927135,1455.64173637376,37.25272101895348
2025-11-29,Manchester City,Leeds,2,1526.8519847206592,1459.6862511399208,67.16573358073833
2025-11-29,Sunderland,Bournemouth,2,1514.7280115469193,1514.359651458245,0.3683600886743079
2025-11-29,Everton,Newcastle United,0,1511.742494714174,1490.551115514762,21.19137919941204
2025-11-29,Tottenham,Fulham,0,1505.7833248490297,1481.9621299735309,23.821194875498804
2025-11-30,West Ham,Liverpool,0,1468.9159999982019,1494.3165632291611,-25.40056323095928
2025-11-30,Crystal Palace,Manchester United,0,1526.4522699237275,1509.6173291054504,16.83494081827712
2025-11-30,Aston Villa,Wolverhampton Wanderers,2,1531.6469095860766,1413.5985612896282,118.04834829644847
2025-11-30,Nottingham Forest,Brighton,0,1476.4621331097628,1519.9665635172114,-43.50443040744858
2025-11-30,Chelsea,Arsenal,1,1534.1560329877243,1570.6664795693414,-36.51044658161709
2025-12-02,Newcastle United,Tottenham,1,1502.9822334458868,1493.2811205674461,9.701112878440654
2025-12-02,Bournemouth,Everton,0,1506.219213717109,1499.3113767830491,6.907836934059787
2025-12-02,Fulham,Manchester City,0,1494.4643342551144,1533.2214058688053,-38.75707161369087
2025-12-03,Liverpool,Sunderland,1,1505.4514167446146,1522.8684492880554,-17.417032543440882
2025-12-03,Arsenal,Brentford,2,1571.4846419000912,1500.0335160987725,71.45112580131877
2025-12-03,Brighton,Aston Villa,0,1530.584467540208,1536.8171720831976,-6.2327045429897225
2025-12-03,Burnley,Crystal Palace,0,1448.5026776677012,1514.139484010952,-65.63680634325078
2025-12-03,Wolverhampton Wanderers,Nottingham Forest,0,1408.4282987925071,1465.8442290867663,-57.41593029425917
2025-12-03,Leeds,Chelsea,2,1453.3168299917747,1533.3378706569745,-80.02104066519973
2025-12-04,Manchester United,West Ham,1,1521.930115018226,1457.7811464827485,64.14896853547748
2025-12-06,Tottenham,Brentford,2,1495.3986616205534,1493.7706976380662,1.6279639824872447
2025-12-06,Leeds,Liverpool,1,1463.7489011228388,1504.0903677853776,-40.34146666253878
2025-12-06,Newcastle United,Burnley,2,1500.8646923927795,1438.52100640709,62.34368598568949
2025-12-06,Aston Villa,Arsenal,2,1548.4926822446907,1577.7474603607975,-29.254778116106763
2025-12-06,Everton,Nottingham Forest,2,1511.3519965783848,1476.0624814957664,35.289515082618436
2025-12-06,Bournemouth,Chelsea,1,1494.1785939217732,1522.9057995259104,-28.727205604137225
2025-12-06,Manchester City,Sunderland,2,1543.9753048782857,1524.2294982472924,19.74580663099323
2025-12-07,Brighton,West Ham,1,1518.9089573787148,1461.3361044517553,57.57285292695951
2025-12-07,Fulham,Crystal Palace,0,1483.710435245634,1524.121155271563,-40.410720025929095
2025-12-08,Wolverhampton Wanderers,Manchester United,0,1398.210046383507,1518.375157049219,-120.16511066571206
2025-12-13,Burnley,Fulham,0,1432.0304871617948,1473.0038781759874,-40.97339101419266
2025-12-13,Arsenal,Wolverhampton Wanderers,2,1568.7726758259473,1389.7846162222959,178.98805960365144
2025-12-13,Chelsea,Everton,2,1523.946037796398,1518.5430193695036,5.403018426894505
2025-12-13,Liverpool,Brighton,2,1504.798908148223,1515.5204552216462,-10.721547073423153
2025-12-14,Crystal Palace,Manchester City,0,1534.8277123412097,1551.5833741742374,-16.755661833027716
2025-12-14,Nottingham Forest,Tottenham,2,1468.8714587046477,1503.504122444977,-34.632663740329235
2025-12-14,Sunderland,Newcastle United,2,1516.6214289513407,1507.3552116380747,9.266217313265997
2025-12-14,West Ham,Aston Villa,0,1464.724606608824,1557.467466779541,-92.742860170717
2025-12-14,Brentford,Leeds,1,1485.6652368136427,1463.0403607599933,22.62487605364936
2025-12-15,Manchester United,Bournemouth,1,1526.8005872104302,1493.1383556512856,33.66223155914463
2025-12-20,Leeds,Crystal Palace,2,1465.5102603607509,1523.4479850936925,-57.93772473294166
2025-12-20,Everton,Arsenal,0,1510.5420941215311,1572.7147099664726,-62.17261584494145
2025-12-20,Wolverhampton Wanderers,Brentford,0,1385.8425820817706,1483.195337212885,-97.35275513111446
2025-12-20,Tottenham,Liverpool,0,1494.3759456750026,1513.2492356097896,-18.873289934786953
2025-12-20,Brighton,Sunderland,1,1507.0701277600797,1524.5158470891777,-17.445719329097983
2025-12-20,Bournemouth,Burnley,1,1495.904134961777,1421.3400460460155,74.56408891576143
2025-12-20,Newcastle United,Chelsea,1,1499.4607935002377,1531.9469630443705,-32.486169544132736
2025-12-20,Manchester City,West Ham,2,1562.9631014217546,1455.5214175211008,107.44168390065374
2025-12-21,Aston Villa,Manchester United,2,1566.670655867264,1524.0348078999389,42.63584796732516
2025-12-22,Fulham,Nottingham Forest,2,1483.6943192917668,1477.999635474622,5.694683817144778
2025-12-26,Manchester United,Newcastle United,2,1517.0373672368041,1498.5276925690391,18.50967466776501
2025-12-27,Chelsea,Aston Villa,0,1532.880063975569,1573.6680965303988,-40.78803255482967
2025-12-27,West Ham,Fulham,0,1450.113654385928,1491.6871865707317,-41.57353218480375
2025-12-27,Burnley,Everton,1,1425.1540527978275,1500.4607172603185,-75.30666446249097
2025-12-27,Liverpool,Wolverhampton Wanderers,2,1524.5691233176894,1376.77108705961,147.7980362580795
2025-12-27,Arsenal,Brighton,2,1582.7960868276853,1505.7098891868131,77.08619764087211
2025-12-27,Nottingham Forest,Manchester City,0,1470.006768195657,1568.3708645569275,-98.36409636127041
2025-12-27,Brentford,Bournemouth,2,1492.2668322350457,1492.0901282099649,0.17670402508088046
2025-12-28,Sunderland,Leeds,1,1525.8760856624442,1475.3070197298175,50.5690659326267
2025-12-28,Crystal Palace,Tottenham,0,1513.6512257246259,1483.0560579671028,30.595167757523086
2025-12-30,Manchester United,Wolverhampton Wanderers,1,1524.6790081211543,1372.2298057625649,152.44920235858945
2025-12-30,Burnley,Newcastle United,0,1425.4506154595865,1490.886051684689,-65.43543622510242
2025-12-30,Chelsea,Bournemouth,1,1522.1843134431879,1483.9443643703537,38.23994907283418
2025-12-30,Nottingham Forest,Everton,0,1460.9641230823695,1500.1641545985594,-39.20003151618994
2025-12-30,West Ham,Brighton,1,1439.4404064108826,1499.58575598603,-60.14534957514752
2025-12-30,Arsenal,Aston Villa,2,1588.9202200284683,1584.36384706278,4.556372965688297
2026-01-01,Brentford,Tottenham,1,1500.412596074657,1495.7401154748857,4.672480599771234
2026-01-01,Sunderland,Manchester City,1,1522.6672255460205,1577.413509670215,-54.74628412419452
2026-01-01,Crystal Palace,Fulham,1,1500.967168216843,1502.360434545777,-1.3932663289340326
2026-01-01,Liverpool,Leeds,1,1529.1104046147345,1478.5158798462412,50.59452476849333
2026-01-03,Aston Villa,Nottingham Forest,2,1576.3395158788223,1450.2229022324434,126.11661364637894
2026-01-03,Wolverhampton Wanderers,West Ham,2,1377.7818180024851,1439.300687432395,-61.518869429909955
2026-01-03,Brighton,Burnley,2,1499.7254749645176,1415.4631483150356,84.26232664948202
2026-01-03,Bournemouth,Arsenal,0,1486.8313733708985,1596.944551212426,-110.11317784152743
2026-01-04,Leeds,Manchester United,1,1481.7253972602666,1519.126995881234,-37.401598620967434
2026-01-04,Newcastle United,Crystal Palace,2,1500.8735188292399,1499.1566020999421,1.7169167292977363
2026-01-04,Tottenham,Sunderland,1,1497.7189954839416,1522.3721855336275,-24.653190049685918
2026-01-04,Everton,Brentford,0,1510.9053754484855,1498.433716065601,12.471659382884582
2026-01-04,Fulham,Liverpool,1,1504.171000662678,1525.9008872007091,-21.729886538031224
2026-01-04,Manchester City,Chelsea,1,1577.708549682608,1519.297304442643,58.411245239964956
2026-01-06,West Ham,Nottingham Forest,0,1429.4008790716273,1445.2286876565724,-15.82780858494516
2026-01-07,Newcastle United,Leeds,2,1508.9765114026575,1480.932717944327,28.043793458330583
2026-01-07,Burnley,Manchester United,1,1409.5131142260068,1519.9196751971738,-110.40656097116698
2026-01-07,Manchester City,Brighton,1,1574.2987048415537,1505.6755090535464,68.62319578800725
2026-01-07,Fulham,Chelsea,2,1502.9319860075504,1522.7071492836974,-19.77516327614694
2026-01-07,Everton,Wolverhampton Wanderers,1,1498.7117973122029,1387.681626363253,111.03017094894994
2026-01-07,Brentford,Sunderland,2,1510.6272942018836,1523.5282679230531,-12.900973721169521
2026-01-07,Bournemouth,Tottenham,2,1478.1225865200672,1496.562913094516,-18.440326574448818
2026-01-07,Crystal Palace,Aston Villa,1,1491.0536095265245,1581.3337304546933,-90.2801209281688
2026-01-08,Arsenal,Liverpool,1,1605.6533380632573,1527.1399018558366,78.51343620742068
2026-01-17,Tottenham,West Ham,0,1487.8950433741613,1417.9949641559656,69.90007921819574
2026-01-17,Nottingham Forest,Arsenal,1,1456.6346025722341,1601.7426187860058,-145.10801621377163
2026-01-17,Sunderland,Crystal Palace,2,1515.016659178881,1491.7799485264477,23.236710652433203
2026-01-17,Manchester United,Manchester City,2,1518.62015949508,1570.6317618096468,-52.011602314566744
2026-01-17,Leeds,Fulham,2,1473.5484979867285,1511.6376127701494,-38.08911478342088
2026-01-17,Chelsea,Brentford,2,1514.0015225210984,1519.1389029460559,-5.137380424957428
2026-01-17,Liverpool,Burnley,1,1531.050621133088,1410.8126299281005,120.23799120498757
2026-01-18,Wolverhampton Wanderers,Newcastle United,1,1392.354979170509,1516.3607313602558,-124.00575218974677
2026-01-18,Aston Villa,Everton,0,1580.60739145477,1494.0384445049467,86.56894694982338
2026-01-19,Brighton,Bournemouth,1,1509.3424520854533,1486.790456240422,22.551995845031342
2026-01-24,Bournemouth,Liverpool,2,1489.2583860439265,1526.1727088875057,-36.91432284357916
2026-01-24,Manchester City,Wolverhampton Wanderers,2,1561.0054238934574,1394.037159223622,166.96826466983543
2026-01-24,Fulham,Brighton,2,1502.4106250589366,1506.8745222819487,-4.463897223012054
2026-01-24,West Ham,Sunderland,2,1431.6936740918884,1522.5302310510415,-90.83655695915309
2026-01-24,Burnley,Tottenham,1,1415.6905421736828,1474.1963334382385,-58.50579126455568
2026-01-25,Brentford,Nottingham Forest,0,1510.8450377526924,1458.9002885464226,51.94474920626976
2026-01-25,Crystal Palace,Chelsea,0,1484.2663766542871,1522.2953877144619,-38.02901106017475
2026-01-25,Newcastle United,Aston Villa,0,1514.678551307143,1566.5020747284225,-51.82352342127956
2026-01-25,Arsenal,Manchester United,0,1599.4769328118173,1528.2464974112695,71.23043540054778
2026-01-26,Everton,Leeds,1,1508.1437612312943,1482.7754856979413,25.36827553335297
2026-01-31,Chelsea,West Ham,2,1533.0701195673244,1442.4359422487846,90.63417731853974
2026-01-31,Wolverhampton Wanderers,Bournemouth,0,1389.8715335158504,1498.4517714863557,-108.58023797050532
2026-01-31,Liverpool,Newcastle United,2,1516.9793234450765,1504.2994835457991,12.67983989927734
2026-01-31,Brighton,Everton,1,1498.599470987717,1505.5998630645493,-7.000392076832213
2026-01-31,Leeds,Arsenal,0,1485.3193838646864,1585.745217398726,-100.42583353403961
2026-02-01,Tottenham,Manchester City,1,1474.3832300252886,1565.171049601229,-90.78781957594038
2026-02-01,Nottingham Forest,Crystal Palace,1,1472.1446217072346,1473.4916448014246,-1.3470230941900354
2026-02-01,Aston Villa,Brentford,0,1576.8811424897663,1497.6007045918805,79.2804378978858
2026-02-01,Manchester United,Fulham,2,1541.9782128243608,1510.6856763531682,31.292536471192534
2026-02-02,Sunderland,Burnley,2,1511.7879628941453,1415.5036455866327,96.28431730751254
2026-02-06,Leeds,Nottingham Forest,2,1476.3355023611741,1470.3327682658319,6.002734095342248
2026-02-07,Wolverhampton Wanderers,Chelsea,0,1381.1193362679066,1538.8679854625702,-157.74864919466359
2026-02-07,Manchester United,Tottenham,2,1549.275539497285,1475.124103121773,74.15143637551205
2026-02-07,Bournemouth,Aston Villa,1,1507.2039687342995,1562.9517395453897,-55.74777081109028
2026-02-07,Arsenal,Sunderland,2,1594.7290989022383,1517.4528412576271,77.27625764461118
2026-02-07,Burnley,West Ham,0,1409.8387672231509,1436.6380763535387,-26.799309130387883
2026-02-07,Fulham,Everton,0,1503.388349680244,1507.2538897876898,-3.865540107445895
2026-02-07,Newcastle United,Brentford,0,1496.498764530591,1511.530107536257,-15.03134300566603
2026-02-08,Liverpool,Manchester City,0,1524.7800424602847,1564.4301765047446,-39.650134044459946
2026-02-08,Brighton,Crystal Palace,0,1496.9454442645765,1475.3034982428273,21.641946021749163
2026-02-10,Chelsea,Leeds,1,1546.2601208625517,1484.3198619468326,61.94025891571914
2026-02-10,Everton,Bournemouth,0,1518.9955431819212,1506.9377311037492,12.057812078171992
2026-02-10,Tottenham,Newcastle United,0,1468.927955902954,1485.0703858895242,-16.142429986570278
2026-02-10,West Ham,Manchester United,1,1447.7331712700693,1555.4716867161042,-107.73851544603485
2026-02-11,Manchester City,Fulham,2,1575.1585123082507,1491.6466962860122,83.51181602223846
2026-02-11,Nottingham Forest,Wolverhampton Wanderers,1,1462.3484086801734,1373.7272008679251,88.62120781224826
2026-02-11,Aston Villa,Brighton,2,1563.21797717594,1484.5021283036117,78.71584887232825
2026-02-11,Crystal Palace,Burnley,0,1487.7468142037922,1398.7436723066203,89.00314189717187
2026-02-11,Sunderland,Liverpool,0,1511.333355660354,1514.0517066567786,-2.718350996424533
2026-02-12,Brentford,Arsenal,1,1522.9584861773237,1600.8485844995114,-77.89009832218767
2026-02-18,Wolverhampton Wanderers,Arsenal,1,1377.8815117942713,1600.477747778261,-222.59623598398957
2026-02-21,Aston Villa,Leeds,1,1569.3023241163992,1487.819157124099,81.48316699230008
2026-02-21,Brentford,Brighton,0,1523.3293228985742,1478.4177813631525,44.91154153542175
2026-02-21,Chelsea,Burnley,1,1542.7608256852852,1412.907074828346,129.8537508569393
2026-02-21,West Ham,Bournemouth,1,1448.9571173480642,1519.1199679540784,-70.16285060601422
2026-02-21,Manchester City,Newcastle United,2,1581.1266204983021,1496.4674231368513,84.65919736145088
2026-02-22,Crystal Palace,Wolverhampton Wanderers,2,1473.5834116820665,1382.1300360169291,91.4533756651374
2026-02-22,Nottingham Forest,Liverpool,0,1458.1940977538272,1525.8253587133809,-67.63126095955363
2026-02-22,Sunderland,Fulham,0,1499.5597036037518,1485.6785880959608,13.881115507791037
2026-02-22,Tottenham,Arsenal,0,1457.530918655627,1596.229223555603,-138.69830489997616
2026-02-23,Everton,Manchester United,0,1506.813306331592,1554.2477406381092,-47.43443430651723
2026-02-27,Wolverhampton Wanderers,Aston Villa,2,1376.3515658304868,1565.3194445072652,-188.96787867677835
2026-02-28,Bournemouth,Sunderland,1,1518.9713801052405,1487.3275446195548,31.643835485685713
2026-02-28,Burnley,Brentford,0,1417.9930357891242,1510.2672866952391,-92.27425090611496
2026-02-28,Liverpool,West Ham,2,1535.7496263830124,1449.1057051969021,86.64392118611022
2026-02-28,Newcastle United,Everton,0,1490.526933882707,1496.3081590370164,-5.781225154309368
2026-02-28,Leeds,Manchester City,0,1491.802036733233,1587.0671097524464,-95.26507301921333
2026-03-01,Brighton,Nottingham Forest,2,1491.4798175664876,1448.2698300841957,43.20998748229181
2026-03-01,Fulham,Tottenham,2,1497.9107470801578,1449.6208740086684,48.28987307148941
2026-03-01,Manchester United,Crystal Palace,2,1564.7528879326849,1479.3618818685088,85.39100606417605
2026-03-01,Arsenal,Chelsea,2,1604.1392682025617,1537.674864724507,66.46440347805469
2026-03-03,Wolverhampton Wanderers,Liverpool,2,1389.7755613357128,1541.6425155734187,-151.86695423770584
2026-03-03,Leeds,Sunderland,0,1482.670938887584,1490.0395880145413,-7.36864912695728
2026-03-03,Bournemouth,Brentford,1,1516.259336710254,1519.483879239983,-3.2245425297289785
2026-03-03,Everton,Burnley,2,1507.9962962610734,1408.7764432443803,99.21985301669315
2026-03-04,Aston Villa,Chelsea,0,1551.8954490020392,1531.287905568816,20.6075434332231
2026-03-04,Brighton,Arsenal,0,1498.4622304305108,1610.5262273582525,-112.06399692774175
2026-03-04,Fulham,West Ham,0,1504.7608559574521,1443.2128160064958,61.54803995095631
2026-03-04,Manchester City,Nottingham Forest,1,1596.1982075980955,1441.2874172201725,154.91079037792292
2026-03-04,Newcastle United,Manchester United,2,1478.83879665865,1570.675800222839,-91.83700356418899
2026-03-05,Tottenham,Crystal Palace,0,1442.770765131374,1473.4389695783548,-30.66820444698078
2026-03-14,West Ham,Manchester City,1,1456.702200645522,1590.5973774674226,-133.89517682190058
2026-03-14,Arsenal,Everton,2,1619.179841837471,1513.5928138598185,105.5870279776525
2026-03-14,Chelsea,Newcastle United,0,1543.703206089927,1489.6096951345971,54.093510955329975
2026-03-14,Burnley,Bournemouth,1,1403.1799256456352,1514.4997993254194,-111.31987367978422
2026-03-14,Sunderland,Brighton,0,1501.6833036197638,1489.8086159512923,11.874687668471552
2026-03-15,Crystal Palace,Leeds,1,1484.4239143814004,1471.0272232823615,13.39669109903889
2026-03-15,Manchester United,Aston Villa,2,1559.9049017468917,1539.4801484809282,20.424753265963545
2026-03-15,Nottingham Forest,Fulham,1,1446.8882473508454,1491.271471318426,-44.383223967580534
2026-03-15,Liverpool,Tottenham,1,1529.1931109388331,1431.7858203283283,97.40729061050479
2026-03-16,Brentford,Wolverhampton Wanderers,1,1521.2434166248177,1402.2249659702984,119.01845065451926
2026-03-20,Bournemouth,Manchester United,1,1513.1744491788404,1567.494556061917,-54.320106883076505
2026-03-21,Leeds,Brentford,1,1473.2461300028767,1516.3922993573592,-43.14616935448248
2026-03-21,Brighton,Liverpool,2,1501.9858324815987,1524.8317786703506,-22.845946188751896
2026-03-21,Fulham,Burnley,2,1491.8641743173366,1404.5052757922142,87.35889852512241
2026-03-21,Everton,Chelsea,2,1508.142823709579,1530.40364786593,-22.260824156350964
2026-03-22,Tottenham,Nottingham Forest,0,1436.1471525968109,1446.2955443519347,-10.14839175512384
2026-03-22,Newcastle United,Sunderland,0,1502.9092533585942,1489.5060870894574,13.403166269136818
2026-03-22,Aston Villa,West Ham,2,1531.890494165903,1458.6595746715102,73.23091949439277
2026-04-10,West Ham,Wolverhampton Wanderers,2,1452.4407436219456,1407.0760832377568,45.36466038418871
2026-04-11,Arsenal,Bournemouth,0,1624.6298319877105,1512.8671539267916,111.76267806091892
2026-04-11,Brentford,Everton,1,1517.0204749340805,1516.918858908562,0.10161602551852411
2026-04-11,Burnley,Brighton,0,1398.6294795435492,1510.778459955133,-112.1489804115838
2026-04-11,Liverpool,Fulham,2,1516.0391511968162,1497.7399705660018,18.299180630814362
2026-04-12,Chelsea,Manchester City,0,1521.627612666947,1588.6400034414344,-67.01239077448736
2026-04-12,Nottingham Forest,Aston Villa,1,1457.8613133302943,1538.1093252154676,-80.24801188517336
2026-04-12,Sunderland,Tottenham,2,1501.7251710035835,1424.5813836184514,77.1437873851321
2026-04-12,Crystal Palace,Newcastle United,2,1482.2050076608853,1490.6901694444682,-8.485161783582953
2026-04-13,Manchester United,Leeds,0,1567.8018513139657,1472.6179544261554,95.1838968878103
2026-04-18,Brentford,Fulham,1,1515.1683257572301,1490.092607324788,25.075718432442045
2026-04-18,Leeds,Wolverhampton Wanderers,2,1486.9273204683166,1400.1499337166886,86.777386751628
2026-04-18,Newcastle United,Bournemouth,0,1482.302601060852,1527.5569691093956,-45.25436804854348
2026-04-18,Tottenham,Brighton,1,1418.4586588879813,1519.429672832551,-100.97101394456968
2026-04-18,Chelsea,Manchester United,0,1511.6855332817101,1553.4924852718045,-41.806951990094376
2026-04-19,Aston Villa,Sunderland,2,1537.670733708238,1507.8478957340535,29.822837974184495
2026-04-19,Everton,Liverpool,0,1518.7710080854124,1523.68651443803,-4.915506352617513
2026-04-19,Nottingham Forest,Burnley,2,1458.2999048375239,1389.9782666661313,68.32163817139258
2026-04-19,Manchester City,Arsenal,2,1598.5820828266712,1609.9400168051066,-11.357933978435312
2026-04-20,Crystal Palace,West Ham,1,1490.5925760445014,1459.3668931430138,31.225682901487517
2026-04-21,Brighton,Chelsea,2,1518.398027285724,1501.0189735183872,17.379053767336927
2026-04-22,Burnley,Manchester City,0,1383.6376948721997,1607.050292158997,-223.41259728679734
2026-04-22,Bournemouth,Leeds,1,1538.1246829873785,1492.817016704079,45.30766628329957
2026-04-24,Sunderland,Nottingham Forest,0,1500.5113129680533,1464.6404766314554,35.870836336597904
2026-04-25,Fulham,Aston Villa,2,1492.6286282596018,1545.0073164742382,-52.37868821463644
2026-04-25,Liverpool,Crystal Palace,2,1535.3988487262575,1487.891686458455,47.507162267802414
2026-04-25,West Ham,Everton,2,1462.0677827290601,1507.0586737971848,-44.99089106812471
2026-04-25,Wolverhampton Wanderers,Tottenham,0,1394.2602374809262,1419.4903044348082,-25.230066953881988
2026-04-25,Arsenal,Newcastle United,2,1601.4718074727807,1471.7348871828692,129.7369202899115
2026-04-27,Manchester United,Brentford,2,1564.1590450351275,1512.6323048224165,51.52674021271105
2026-05-01,Leeds,Burnley,2,1495.8893816822426,1377.9054554669167,117.98392621532594
2026-05-02,Wolverhampton Wanderers,Sunderland,1,1383.1205401587467,1487.6869314385403,-104.5663912797936
2026-05-02,Arsenal,Fulham,2,1606.3883397746604,1502.2655174179213,104.1228223567391
2026-05-02,Brentford,West Ham,2,1505.8658688935927,1471.4925101423282,34.373358751264504
2026-05-02,Newcastle United,Brighton,2,1466.8183548809895,1526.0704236169422,-59.25206873595266
2026-05-03,Bournemouth,Crystal Palace,2,1535.0523180092148,1481.0212701861165,54.03104782309833
2026-05-03,Manchester United,Liverpool,2,1570.9254809639513,1542.269264998596,28.65621596535516
2026-05-03,Aston Villa,Tottenham,0,1535.3704273159187,1430.6300017569877,104.74042555893107
2026-05-04,Chelsea,Nottingham Forest,0,1493.346577187169,1477.4648581609683,15.881719026200699
2026-05-04,Everton,Manchester City,1,1497.6339463839167,1612.7825315642801,-115.1485851803634
2026-05-09,Liverpool,Chelsea,1,1534.9014583040203,1481.0597760840858,53.841682219934455
2026-05-09,Brighton,Wolverhampton Wanderers,2,1516.2358472856258,1384.254454787908,131.98139249771793
2026-05-09,Fulham,Bournemouth,0,1496.782044776101,1541.75436198206,-44.972317205958916
2026-05-09,Manchester City,Brentford,2,1611.3490802096608,1513.0811981161146,98.26788209354618
2026-05-09,Sunderland,Manchester United,1,1486.5530168093792,1578.293287658527,-91.74027084914792
2026-05-10,Nottingham Forest,Newcastle United,1,1489.7516592640516,1476.652931212306,13.098728051745638
2026-05-10,West Ham,Arsenal,0,1464.2771809198064,1611.8718124164807,-147.5946314966743
2026-05-10,Crystal Palace,Everton,1,1474.3192262132713,1499.067397738536,-24.748171525264752
2026-05-10,Burnley,Aston Villa,1,1372.7337711472437,1520.8397614145163,-148.10599026727255
2026-05-11,Tottenham,Leeds,1,1445.1606676583901,1501.0610660019156,-55.90039834352547
2026-05-13,Manchester City,Crystal Palace,2,1616.9677113341854,1473.1658411578671,143.8018701763183
2026-05-15,Aston Villa,Liverpool,2,1518.4923780418665,1531.60836071852,-13.11598267665363
2026-05-17,Wolverhampton Wanderers,Fulham,1,1379.3856721292077,1486.2062393614747,-106.82056723226697
2026-05-17,Manchester United,Nottingham Forest,2,1577.5251568872416,1487.5409079127114,89.98424897453015
2026-05-17,Brentford,Crystal Palace,1,1507.46256699159,1468.5433072738997,38.91925971769024
2026-05-17,Everton,Sunderland,0,1500.2207827939403,1487.3211475806647,12.899635213275587
2026-05-17,Leeds,Brighton,2,1501.3229137217413,1521.104629944326,-19.78171622258469
2026-05-17,Newcastle United,West Ham,2,1478.863682563646,1456.610652404949,22.25303015869713
2026-05-18,Arsenal,Burnley,2,1619.538340931338,1375.0811545198935,244.45718641144458
2026-05-19,Bournemouth,Manchester City,1,1552.3301673966862,1621.5902452181529,-69.26007782146667
2026-05-19,Chelsea,Tottenham,2,1484.352873669586,1444.8988199385644,39.45405373102153
2026-05-24,Nottingham Forest,Bournemouth,1,1481.7276266469657,1552.4527761483296,-70.72514950136383
2026-05-24,Manchester City,Aston Villa,0,1621.4676364665095,1527.01003870452,94.45759776198952
2026-05-24,Sunderland,Chelsea,2,1499.5264479560096,1491.4338649230056,8.092583033004075
2026-05-24,Liverpool,Brentford,1,1523.0907000558666,1504.5576456280426,18.533054427824027
2026-05-24,Tottenham,Everton,2,1437.8178286851448,1488.0154824185954,-50.19765373345058
2026-05-24,Crystal Palace,Arsenal,0,1471.448228637447,1622.4210003020614,-150.97277166461436
2026-05-24,Burnley,Wolverhampton Wanderers,1,1372.1984951491702,1380.5835849691837,-8.38508982001349
2026-05-24,Brighton,Manchester United,0,1512.398817732273,1583.3384381529872,-70.93962042071416
2026-05-24,Fulham,Newcastle United,2,1485.0083265214987,1486.4038353005606,-1.3955087790618563
2026-05-24,West Ham,Leeds,2,1449.0704996680345,1510.0287259337942,-60.95822626575978
